{
    "tabs": {
        "00": {
            "tab_id": "00",
            "cwd": "/data/chats/3283252cdd2b4f13bd510d0434c4bfe2/workspace/shadcn-ui",
            "observer": {
                "block": "Terminal",
                "uuid": "84de2717-dadb-4c3c-8d16-ad0a01f81b2f",
                "enable_llm_stream": false,
                "callback_url": ""
            },
            "shell_command": [
                "bash"
            ],
            "command_terminator": "\n"
        }
    },
    "current_tab_id": "00",
    "forbidden_commands": {
        "run preview": "Use Deployer.deploy_to_public instead.",
        "serve ": "Use Deployer.deploy_to_public instead.",
        "python -m http.server": "Use python -u -m http.server port_number instead."
    },
    "timeout": 300.0,
    "working_dir": "/workspace"
}